Datum,Von,Bis,Filiale,Anzahl_Bon,Umsatz,Umsatz_Zeit,Anzahl_Kunden_In,Anzahl_Kunden_Aus,Anzahl_Kunden_Zeit_Von,Anzahl_Kunden_Zeit_Bis,Anzahl_Mitarbeiter,Hartware,Textil,RangeIndoor,Filialleiter,Outlet,Backoffice,Fitting,Reinigungsdienst
2022-04-01,08:12,08:13,666,0,0.00,00:00,0,0,08:00,09:00,1,0,0,0,0,0,1,0,0
2022-04-01,08:13,08:14,666,0,0.00,00:00,0,0,08:00,09:00,1,0,0,0,0,0,1,0,0
2022-04-01,08:14,08:15,666,0,0.00,00:00,0,0,08:00,09:00,1,0,0,0,0,0,1,0,0
2022-04-01,08:15,08:16,666,0,0.00,00:00,0,0,08:00,09:00,1,0,0,0,0,0,1,0,0
2022-04-01,08:16,08:17,666,0,0.00,00:00,0,0,08:00,09:00,1,0,0,0,0,0,1,0,0
2022-04-01,08:17,08:18,666,0,0.00,00:00,0,0,08:00,09:00,1,0,0,0,0,0,1,0,0
2022-04-01,08:18,08:19,666,0,0.00,00:00,0,0,08:00,09:00,1,0,0,0,0,0,1,0,0
2022-04-01,08:19,08:20,666,0,0.00,00:00,0,0,08:00,09:00,1,0,0,0,0,0,1,0,0
2022-04-01,08:20,08:21,666,0,0.00,00:00,0,0,08:00,09:00,1,0,0,0,0,0,1,0,0
2022-04-01,08:21,08:22,666,0,0.00,00:00,0,0,08:00,09:00,1,0,0,0,0,0,1,0,0
2022-04-01,08:22,08:23,666,0,0.00,00:00,0,0,08:00,09:00,1,0,0,0,0,0,1,0,0
2022-04-01,08:23,08:24,666,0,0.00,00:00,0,0,08:00,09:00,1,0,0,0,0,0,1,0,0
2022-04-01,08:24,08:25,666,0,0.00,00:00,0,0,08:00,09:00,1,0,0,0,0,0,1,0,0
2022-04-01,08:25,08:26,666,0,0.00,00:00,0,0,08:00,09:00,1,0,0,0,0,0,1,0,0
2022-04-01,08:26,08:27,666,0,0.00,00:00,0,0,08:00,09:00,1,0,0,0,0,0,1,0,0
2022-04-01,08:27,08:28,666,0,0.00,00:00,0,0,08:00,09:00,1,0,0,0,0,0,1,0,0
2022-04-01,08:28,08:29,666,0,0.00,00:00,0,0,08:00,09:00,1,0,0,0,0,0,1,0,0
2022-04-01,08:29,08:30,666,0,0.00,00:00,0,0,08:00,09:00,1,0,0,0,0,0,1,0,0
2022-04-01,08:30,08:31,666,0,0.00,00:00,0,0,08:00,09:00,1,0,0,0,0,0,1,0,0
2022-04-01,08:31,08:32,666,0,0.00,00:00,0,0,08:00,09:00,1,0,0,0,0,0,1,0,0
2022-04-01,08:32,08:33,666,0,0.00,00:00,0,0,08:00,09:00,1,0,0,0,0,0,1,0,0
2022-04-01,08:33,08:34,666,0,0.00,00:00,0,0,08:00,09:00,1,0,0,0,0,0,1,0,0
2022-04-01,08:34,08:35,666,0,0.00,00:00,0,0,08:00,09:00,1,0,0,0,0,0,1,0,0
2022-04-01,08:35,08:36,666,0,0.00,00:00,0,0,08:00,09:00,1,0,0,0,0,0,1,0,0
2022-04-01,08:36,08:37,666,0,0.00,00:00,0,0,08:00,09:00,1,0,0,0,0,0,1,0,0
2022-04-01,08:37,08:38,666,0,0.00,00:00,0,0,08:00,09:00,1,0,0,0,0,0,1,0,0
2022-04-01,08:38,08:39,666,0,0.00,00:00,0,0,08:00,09:00,1,0,0,0,0,0,1,0,0
2022-04-01,08:39,08:40,666,0,0.00,00:00,0,0,08:00,09:00,1,0,0,0,0,0,1,0,0
2022-04-01,08:40,08:41,666,0,0.00,00:00,0,0,08:00,09:00,1,0,0,0,0,0,1,0,0
2022-04-01,08:41,08:42,666,0,0.00,00:00,0,0,08:00,09:00,1,0,0,0,0,0,1,0,0
2022-04-01,08:42,08:43,666,0,0.00,00:00,0,0,08:00,09:00,1,0,0,0,0,0,1,0,0
2022-04-01,08:43,08:44,666,0,0.00,00:00,0,0,08:00,09:00,1,0,0,0,0,0,1,0,0
2022-04-01,08:44,08:45,666,0,0.00,00:00,0,0,08:00,09:00,1,0,0,0,0,0,1,0,0
2022-04-01,08:45,08:46,666,0,0.00,00:00,0,0,08:00,09:00,1,0,0,0,0,0,1,0,0
2022-04-01,08:46,08:47,666,0,0.00,00:00,0,0,08:00,09:00,1,0,0,0,0,0,1,0,0
2022-04-01,08:47,08:48,666,0,0.00,00:00,0,0,08:00,09:00,1,0,0,0,0,0,1,0,0
2022-04-01,08:48,08:49,666,0,0.00,00:00,0,0,08:00,09:00,1,0,0,0,0,0,1,0,0
2022-04-01,08:49,08:50,666,0,0.00,00:00,0,0,08:00,09:00,1,0,0,0,0,0,1,0,0
2022-04-01,08:50,08:51,666,0,0.00,00:00,0,0,08:00,09:00,1,0,0,0,0,0,1,0,0
2022-04-01,08:51,08:52,666,0,0.00,00:00,0,0,08:00,09:00,1,0,0,0,0,0,1,0,0
2022-04-01,08:52,08:53,666,0,0.00,00:00,0,0,08:00,09:00,1,0,0,0,0,0,1,0,0
2022-04-01,08:53,08:54,666,0,0.00,00:00,0,0,08:00,09:00,1,0,0,0,0,0,1,0,0
2022-04-01,08:54,08:55,666,0,0.00,00:00,0,0,08:00,09:00,1,0,0,0,0,0,1,0,0
2022-04-01,08:55,08:56,666,0,0.00,00:00,0,0,08:00,09:00,1,0,0,0,0,0,1,0,0
2022-04-01,08:56,08:57,666,0,0.00,00:00,0,0,08:00,09:00,1,0,0,0,0,0,1,0,0
2022-04-01,08:57,08:58,666,0,0.00,00:00,0,0,08:00,09:00,1,0,0,0,0,0,1,0,0
2022-04-01,08:58,08:59,666,0,0.00,00:00,0,0,08:00,09:00,1,0,0,0,0,0,1,0,0
2022-04-01,08:59,09:00,666,0,0.00,00:00,0,0,08:00,09:00,1,0,0,0,0,0,1,0,0
2022-04-01,19:10,19:11,666,0,0.00,00:00,0,0,19:00,20:00,1,1,1,0,0,0,0,0,0
2022-04-01,19:05,19:06,666,0,0.00,00:00,0,0,19:00,20:00,3,3,3,0,0,0,0,0,0
2022-04-01,19:06,19:07,666,0,0.00,00:00,0,0,19:00,20:00,3,3,3,0,0,0,0,0,0
2022-04-01,19:07,19:08,666,1,132.64,19:07,0,0,19:00,20:00,3,3,3,0,0,0,0,0,0
2022-04-01,19:08,19:09,666,0,0.00,00:00,0,0,19:00,20:00,3,3,3,0,0,0,0,0,0
2022-04-01,19:09,19:10,666,0,0.00,00:00,0,0,19:00,20:00,3,3,3,0,0,0,0,0,0
2022-04-01,09:00,09:01,666,0,0.00,00:00,0,0,09:00,10:00,4,3,2,0,1,0,1,0,0
2022-04-01,09:01,09:02,666,0,0.00,00:00,0,0,09:00,10:00,4,3,2,0,1,0,1,0,0
2022-04-01,09:02,09:03,666,0,0.00,00:00,0,0,09:00,10:00,4,3,2,0,1,0,1,0,0
2022-04-01,09:03,09:04,666,0,0.00,00:00,0,0,09:00,10:00,4,3,2,0,1,0,1,0,0
2022-04-01,09:04,09:05,666,0,0.00,00:00,0,0,09:00,10:00,4,3,2,0,1,0,1,0,0
2022-04-01,09:05,09:06,666,0,0.00,00:00,0,0,09:00,10:00,4,3,2,0,1,0,1,0,0
2022-04-01,09:06,09:07,666,0,0.00,00:00,0,0,09:00,10:00,4,3,2,0,1,0,1,0,0
2022-04-01,09:07,09:08,666,0,0.00,00:00,0,0,09:00,10:00,4,3,2,0,1,0,1,0,0
2022-04-01,09:08,09:09,666,0,0.00,00:00,0,0,09:00,10:00,4,3,2,0,1,0,1,0,0
2022-04-01,09:09,09:10,666,0,0.00,00:00,0,0,09:00,10:00,4,3,2,0,1,0,1,0,0
2022-04-01,09:10,09:11,666,0,0.00,00:00,0,0,09:00,10:00,4,3,2,0,1,0,1,0,0
2022-04-01,09:11,09:12,666,0,0.00,00:00,0,0,09:00,10:00,4,3,2,0,1,0,1,0,0
2022-04-01,09:12,09:13,666,0,0.00,00:00,0,0,09:00,10:00,4,3,2,0,1,0,1,0,0
2022-04-01,09:13,09:14,666,0,0.00,00:00,0,0,09:00,10:00,4,3,2,0,1,0,1,0,0
2022-04-01,09:14,09:15,666,0,0.00,00:00,0,0,09:00,10:00,4,3,2,0,1,0,1,0,0
2022-04-01,09:15,09:16,666,0,0.00,00:00,0,0,09:00,10:00,4,3,2,0,1,0,1,0,0
2022-04-01,09:16,09:17,666,0,0.00,00:00,0,0,09:00,10:00,4,3,2,0,1,0,1,0,0
2022-04-01,09:17,09:18,666,0,0.00,00:00,0,0,09:00,10:00,4,3,2,0,1,0,1,0,0
2022-04-01,09:18,09:19,666,0,0.00,00:00,0,0,09:00,10:00,4,3,2,0,1,0,1,0,0
2022-04-01,09:19,09:20,666,0,0.00,00:00,0,0,09:00,10:00,4,3,2,0,1,0,1,0,0
2022-04-01,09:20,09:21,666,0,0.00,00:00,0,0,09:00,10:00,4,3,2,0,1,0,1,0,0
2022-04-01,09:21,09:22,666,0,0.00,00:00,0,0,09:00,10:00,4,3,2,0,1,0,1,0,0
2022-04-01,09:22,09:23,666,0,0.00,00:00,0,0,09:00,10:00,4,3,2,0,1,0,1,0,0
2022-04-01,09:23,09:24,666,0,0.00,00:00,0,0,09:00,10:00,4,3,2,0,1,0,1,0,0
2022-04-01,09:24,09:25,666,0,0.00,00:00,0,0,09:00,10:00,4,3,2,0,1,0,1,0,0
2022-04-01,09:25,09:26,666,0,0.00,00:00,0,0,09:00,10:00,4,3,2,0,1,0,1,0,0
2022-04-01,09:26,09:27,666,0,0.00,00:00,0,0,09:00,10:00,4,3,2,0,1,0,1,0,0
2022-04-01,09:27,09:28,666,0,0.00,00:00,0,0,09:00,10:00,4,3,2,0,1,0,1,0,0
2022-04-01,09:28,09:29,666,0,0.00,00:00,0,0,09:00,10:00,4,3,2,0,1,0,1,0,0
2022-04-01,09:29,09:30,666,0,0.00,00:00,0,0,09:00,10:00,4,3,2,0,1,0,1,0,0
2022-04-01,18:33,18:34,666,1,406.47,18:33,18,17,18:00,19:00,4,4,4,0,0,0,0,0,0
2022-04-01,18:34,18:35,666,0,0.00,00:00,18,17,18:00,19:00,4,4,4,0,0,0,0,0,0
2022-04-01,18:35,18:36,666,0,0.00,00:00,18,17,18:00,19:00,4,4,4,0,0,0,0,0,0
2022-04-01,18:36,18:37,666,0,0.00,00:00,18,17,18:00,19:00,4,4,4,0,0,0,0,0,0
2022-04-01,18:37,18:38,666,0,0.00,00:00,18,17,18:00,19:00,4,4,4,0,0,0,0,0,0
2022-04-01,18:38,18:39,666,0,0.00,00:00,18,17,18:00,19:00,4,4,4,0,0,0,0,0,0
2022-04-01,18:39,18:40,666,0,0.00,00:00,18,17,18:00,19:00,4,4,4,0,0,0,0,0,0
2022-04-01,18:40,18:41,666,0,0.00,00:00,18,17,18:00,19:00,4,4,4,0,0,0,0,0,0
2022-04-01,18:41,18:42,666,0,0.00,00:00,18,17,18:00,19:00,4,4,4,0,0,0,0,0,0
2022-04-01,18:42,18:43,666,0,0.00,00:00,18,17,18:00,19:00,4,4,4,0,0,0,0,0,0
2022-04-01,18:43,18:44,666,0,0.00,00:00,18,17,18:00,19:00,4,4,4,0,0,0,0,0,0
2022-04-01,18:44,18:45,666,0,0.00,00:00,18,17,18:00,19:00,4,4,4,0,0,0,0,0,0
2022-04-01,19:01,19:02,666,1,89.83,19:01,0,0,19:00,20:00,4,4,4,0,0,0,0,0,0
2022-04-01,19:02,19:03,666,0,0.00,00:00,0,0,19:00,20:00,4,4,4,0,0,0,0,0,0
2022-04-01,19:03,19:04,666,1,276.47,19:03,0,0,19:00,20:00,4,4,4,0,0,0,0,0,0
2022-04-01,19:04,19:05,666,1,115.79,19:04,0,0,19:00,20:00,4,4,4,0,0,0,0,0,0
2022-04-01,09:30,09:31,666,0,0.00,00:00,0,0,09:00,10:00,5,4,3,0,1,0,1,0,0
2022-04-01,09:31,09:32,666,0,0.00,00:00,0,0,09:00,10:00,5,4,3,0,1,0,1,0,0
2022-04-01,09:32,09:33,666,0,0.00,00:00,0,0,09:00,10:00,5,4,3,0,1,0,1,0,0
2022-04-01,09:33,09:34,666,0,0.00,00:00,0,0,09:00,10:00,5,4,3,0,1,0,1,0,0
2022-04-01,09:34,09:35,666,0,0.00,00:00,0,0,09:00,10:00,5,4,3,0,1,0,1,0,0
2022-04-01,09:35,09:36,666,0,0.00,00:00,0,0,09:00,10:00,5,4,3,0,1,0,1,0,0
2022-04-01,09:36,09:37,666,0,0.00,00:00,0,0,09:00,10:00,5,4,3,0,1,0,1,0,0
2022-04-01,09:37,09:38,666,0,0.00,00:00,0,0,09:00,10:00,5,4,3,0,1,0,1,0,0
2022-04-01,09:38,09:39,666,0,0.00,00:00,0,0,09:00,10:00,5,4,3,0,1,0,1,0,0
2022-04-01,09:39,09:40,666,0,0.00,00:00,0,0,09:00,10:00,5,4,3,0,1,0,1,0,0
2022-04-01,09:40,09:41,666,0,0.00,00:00,0,0,09:00,10:00,5,4,3,0,1,0,1,0,0
2022-04-01,09:41,09:42,666,0,0.00,00:00,0,0,09:00,10:00,5,4,3,0,1,0,1,0,0
2022-04-01,09:42,09:43,666,0,0.00,00:00,0,0,09:00,10:00,5,4,3,0,1,0,1,0,0
2022-04-01,09:43,09:44,666,0,0.00,00:00,0,0,09:00,10:00,5,4,3,0,1,0,1,0,0
2022-04-01,09:44,09:45,666,0,0.00,00:00,0,0,09:00,10:00,5,4,3,0,1,0,1,0,0
2022-04-01,15:50,15:51,666,0,0.00,00:00,31,23,15:00,16:00,5,5,5,0,0,0,0,0,0
2022-04-01,15:51,15:52,666,0,0.00,00:00,31,23,15:00,16:00,5,5,5,0,0,0,0,0,0
2022-04-01,15:52,15:53,666,0,0.00,00:00,31,23,15:00,16:00,5,5,5,0,0,0,0,0,0
2022-04-01,15:53,15:54,666,0,0.00,00:00,31,23,15:00,16:00,5,5,5,0,0,0,0,0,0
2022-04-01,15:54,15:55,666,0,0.00,00:00,31,23,15:00,16:00,5,5,5,0,0,0,0,0,0
2022-04-01,15:55,15:56,666,0,0.00,00:00,31,23,15:00,16:00,5,5,5,0,0,0,0,0,0
2022-04-01,15:56,15:57,666,0,0.00,00:00,31,23,15:00,16:00,5,5,5,0,0,0,0,0,0
2022-04-01,15:57,15:58,666,0,0.00,00:00,31,23,15:00,16:00,5,5,5,0,0,0,0,0,0
2022-04-01,15:58,15:59,666,0,0.00,00:00,31,23,15:00,16:00,5,5,5,0,0,0,0,0,0
2022-04-01,15:59,16:00,666,1,16.76,15:59,31,23,15:00,16:00,5,5,5,0,0,0,0,0,0
2022-04-01,16:00,16:01,666,0,0.00,00:00,17,17,16:00,17:00,5,5,5,0,0,0,0,0,0
2022-04-01,16:01,16:02,666,1,42.78,16:01,17,17,16:00,17:00,5,5,5,0,0,0,0,0,0
2022-04-01,16:02,16:03,666,0,0.00,00:00,17,17,16:00,17:00,5,5,5,0,0,0,0,0,0
2022-04-01,16:03,16:04,666,0,0.00,00:00,17,17,16:00,17:00,5,5,5,0,0,0,0,0,0
2022-04-01,16:04,16:05,666,0,0.00,00:00,17,17,16:00,17:00,5,5,5,0,0,0,0,0,0
2022-04-01,16:05,16:06,666,0,0.00,00:00,17,17,16:00,17:00,5,5,5,0,0,0,0,0,0
2022-04-01,16:06,16:07,666,1,67.14,16:06,17,17,16:00,17:00,5,5,5,0,0,0,0,0,0
2022-04-01,16:07,16:08,666,0,0.00,00:00,17,17,16:00,17:00,5,5,5,0,0,0,0,0,0
2022-04-01,16:08,16:09,666,0,0.00,00:00,17,17,16:00,17:00,5,5,5,0,0,0,0,0,0
2022-04-01,16:09,16:10,666,1,416.55,16:09,17,17,16:00,17:00,5,5,5,0,0,0,0,0,0
2022-04-01,16:10,16:11,666,0,0.00,00:00,17,17,16:00,17:00,5,5,5,0,0,0,0,0,0
2022-04-01,16:11,16:12,666,1,194.03,16:11,17,17,16:00,17:00,5,5,5,0,0,0,0,0,0
2022-04-01,16:12,16:13,666,1,218.46,16:12,17,17,16:00,17:00,5,5,5,0,0,0,0,0,0
2022-04-01,16:13,16:14,666,2,121.77,16:13,17,17,16:00,17:00,5,5,5,0,0,0,0,0,0
2022-04-01,16:14,16:15,666,1,71.34,16:14,17,17,16:00,17:00,5,5,5,0,0,0,0,0,0
2022-04-01,16:15,16:16,666,0,0.00,00:00,17,17,16:00,17:00,5,5,5,0,0,0,0,0,0
2022-04-01,16:16,16:17,666,0,0.00,00:00,17,17,16:00,17:00,5,5,5,0,0,0,0,0,0
2022-04-01,16:17,16:18,666,0,0.00,00:00,17,17,16:00,17:00,5,5,5,0,0,0,0,0,0
2022-04-01,16:18,16:19,666,0,0.00,00:00,17,17,16:00,17:00,5,5,5,0,0,0,0,0,0
2022-04-01,16:19,16:20,666,0,0.00,00:00,17,17,16:00,17:00,5,5,5,0,0,0,0,0,0
2022-04-01,16:20,16:21,666,0,0.00,00:00,17,17,16:00,17:00,5,5,5,0,0,0,0,0,0
2022-04-01,16:21,16:22,666,0,0.00,00:00,17,17,16:00,17:00,5,5,5,0,0,0,0,0,0
2022-04-01,16:22,16:23,666,0,0.00,00:00,17,17,16:00,17:00,5,5,5,0,0,0,0,0,0
2022-04-01,16:23,16:24,666,0,0.00,00:00,17,17,16:00,17:00,5,5,5,0,0,0,0,0,0
2022-04-01,16:24,16:25,666,0,0.00,00:00,17,17,16:00,17:00,5,5,5,0,0,0,0,0,0
2022-04-01,16:25,16:26,666,0,0.00,00:00,17,17,16:00,17:00,5,5,5,0,0,0,0,0,0
2022-04-01,16:26,16:27,666,0,0.00,00:00,17,17,16:00,17:00,5,5,5,0,0,0,0,0,0
2022-04-01,16:27,16:28,666,1,76.16,16:27,17,17,16:00,17:00,5,5,5,0,0,0,0,0,0
2022-04-01,16:28,16:29,666,0,0.00,00:00,17,17,16:00,17:00,5,5,5,0,0,0,0,0,0
2022-04-01,16:29,16:30,666,0,0.00,00:00,17,17,16:00,17:00,5,5,5,0,0,0,0,0,0
2022-04-01,16:30,16:31,666,0,0.00,00:00,17,17,16:00,17:00,5,5,5,0,0,0,0,0,0
2022-04-01,16:31,16:32,666,0,0.00,00:00,17,17,16:00,17:00,5,5,5,0,0,0,0,0,0
2022-04-01,17:19,17:20,666,0,0.00,00:00,13,19,17:00,18:00,5,5,5,0,0,0,0,0,0
2022-04-01,17:20,17:21,666,0,0.00,00:00,13,19,17:00,18:00,5,5,5,0,0,0,0,0,0
2022-04-01,17:21,17:22,666,0,0.00,00:00,13,19,17:00,18:00,5,5,5,0,0,0,0,0,0
2022-04-01,17:22,17:23,666,0,0.00,00:00,13,19,17:00,18:00,5,5,5,0,0,0,0,0,0
2022-04-01,17:23,17:24,666,1,50.38,17:23,13,19,17:00,18:00,5,5,5,0,0,0,0,0,0
2022-04-01,17:24,17:25,666,0,0.00,00:00,13,19,17:00,18:00,5,5,5,0,0,0,0,0,0
2022-04-01,17:25,17:26,666,0,0.00,00:00,13,19,17:00,18:00,5,5,5,0,0,0,0,0,0
2022-04-01,17:26,17:27,666,0,0.00,00:00,13,19,17:00,18:00,5,5,5,0,0,0,0,0,0
2022-04-01,17:27,17:28,666,0,0.00,00:00,13,19,17:00,18:00,5,5,5,0,0,0,0,0,0
2022-04-01,17:28,17:29,666,0,0.00,00:00,13,19,17:00,18:00,5,5,5,0,0,0,0,0,0
2022-04-01,17:29,17:30,666,0,0.00,00:00,13,19,17:00,18:00,5,5,5,0,0,0,0,0,0
2022-04-01,17:30,17:31,666,1,142.77,17:30,13,19,17:00,18:00,5,5,5,0,0,0,0,0,0
2022-04-01,17:31,17:32,666,0,0.00,00:00,13,19,17:00,18:00,5,5,5,0,0,0,0,0,0
2022-04-01,17:32,17:33,666,0,0.00,00:00,13,19,17:00,18:00,5,5,5,0,0,0,0,0,0
2022-04-01,17:33,17:34,666,0,0.00,00:00,13,19,17:00,18:00,5,5,5,0,0,0,0,0,0
2022-04-01,17:34,17:35,666,0,0.00,00:00,13,19,17:00,18:00,5,5,5,0,0,0,0,0,0
2022-04-01,17:35,17:36,666,0,0.00,00:00,13,19,17:00,18:00,5,5,5,0,0,0,0,0,0
2022-04-01,17:36,17:37,666,0,0.00,00:00,13,19,17:00,18:00,5,5,5,0,0,0,0,0,0
2022-04-01,17:37,17:38,666,0,0.00,00:00,13,19,17:00,18:00,5,5,5,0,0,0,0,0,0
2022-04-01,17:38,17:39,666,0,0.00,00:00,13,19,17:00,18:00,5,5,5,0,0,0,0,0,0
2022-04-01,17:39,17:40,666,1,75.59,17:39,13,19,17:00,18:00,5,5,5,0,0,0,0,0,0
2022-04-01,17:40,17:41,666,0,0.00,00:00,13,19,17:00,18:00,5,5,5,0,0,0,0,0,0
2022-04-01,17:41,17:42,666,0,0.00,00:00,13,19,17:00,18:00,5,5,5,0,0,0,0,0,0
2022-04-01,17:42,17:43,666,0,0.00,00:00,13,19,17:00,18:00,5,5,5,0,0,0,0,0,0
2022-04-01,17:51,17:52,666,0,0.00,00:00,13,19,17:00,18:00,5,5,5,0,0,0,0,0,0
2022-04-01,17:52,17:53,666,0,0.00,00:00,13,19,17:00,18:00,5,5,5,0,0,0,0,0,0
2022-04-01,17:53,17:54,666,0,0.00,00:00,13,19,17:00,18:00,5,5,5,0,0,0,0,0,0
2022-04-01,17:54,17:55,666,0,0.00,00:00,13,19,17:00,18:00,5,5,5,0,0,0,0,0,0
2022-04-01,17:55,17:56,666,0,0.00,00:00,13,19,17:00,18:00,5,5,5,0,0,0,0,0,0
2022-04-01,17:56,17:57,666,1,117.61,17:56,13,19,17:00,18:00,5,5,5,0,0,0,0,0,0
2022-04-01,17:57,17:58,666,0,0.00,00:00,13,19,17:00,18:00,5,5,5,0,0,0,0,0,0
2022-04-01,17:58,17:59,666,0,0.00,00:00,13,19,17:00,18:00,5,5,5,0,0,0,0,0,0
2022-04-01,17:59,18:00,666,1,293.28,17:59,13,19,17:00,18:00,5,5,5,0,0,0,0,0,0
2022-04-01,18:00,18:01,666,0,0.00,00:00,18,17,18:00,19:00,5,5,5,0,0,0,0,0,0
2022-04-01,18:01,18:02,666,0,0.00,00:00,18,17,18:00,19:00,5,5,5,0,0,0,0,0,0
2022-04-01,18:02,18:03,666,1,1375.63,18:02,18,17,18:00,19:00,5,5,5,0,0,0,0,0,0
2022-04-01,18:03,18:04,666,0,0.00,00:00,18,17,18:00,19:00,5,5,5,0,0,0,0,0,0
2022-04-01,18:04,18:05,666,0,0.00,00:00,18,17,18:00,19:00,5,5,5,0,0,0,0,0,0
2022-04-01,18:05,18:06,666,0,0.00,00:00,18,17,18:00,19:00,5,5,5,0,0,0,0,0,0
2022-04-01,18:06,18:07,666,0,0.00,00:00,18,17,18:00,19:00,5,5,5,0,0,0,0,0,0
2022-04-01,18:07,18:08,666,1,41.14,18:07,18,17,18:00,19:00,5,5,5,0,0,0,0,0,0
2022-04-01,18:08,18:09,666,0,0.00,00:00,18,17,18:00,19:00,5,5,5,0,0,0,0,0,0
2022-04-01,18:09,18:10,666,1,17.10,18:09,18,17,18:00,19:00,5,5,5,0,0,0,0,0,0
2022-04-01,18:10,18:11,666,0,0.00,00:00,18,17,18:00,19:00,5,5,5,0,0,0,0,0,0
2022-04-01,18:11,18:12,666,1,17.61,18:11,18,17,18:00,19:00,5,5,5,0,0,0,0,0,0
2022-04-01,18:12,18:13,666,1,27.64,18:12,18,17,18:00,19:00,5,5,5,0,0,0,0,0,0
2022-04-01,18:13,18:14,666,0,0.00,00:00,18,17,18:00,19:00,5,5,5,0,0,0,0,0,0
2022-04-01,18:14,18:15,666,0,0.00,00:00,18,17,18:00,19:00,5,5,5,0,0,0,0,0,0
2022-04-01,18:15,18:16,666,0,0.00,00:00,18,17,18:00,19:00,5,5,5,0,0,0,0,0,0
2022-04-01,18:16,18:17,666,0,0.00,00:00,18,17,18:00,19:00,5,5,5,0,0,0,0,0,0
2022-04-01,18:17,18:18,666,0,0.00,00:00,18,17,18:00,19:00,5,5,5,0,0,0,0,0,0
2022-04-01,18:18,18:19,666,0,0.00,00:00,18,17,18:00,19:00,5,5,5,0,0,0,0,0,0
2022-04-01,18:19,18:20,666,0,0.00,00:00,18,17,18:00,19:00,5,5,5,0,0,0,0,0,0
2022-04-01,18:20,18:21,666,0,0.00,00:00,18,17,18:00,19:00,5,5,5,0,0,0,0,0,0
2022-04-01,18:21,18:22,666,0,0.00,00:00,18,17,18:00,19:00,5,5,5,0,0,0,0,0,0
2022-04-01,18:22,18:23,666,0,0.00,00:00,18,17,18:00,19:00,5,5,5,0,0,0,0,0,0
2022-04-01,18:23,18:24,666,0,0.00,00:00,18,17,18:00,19:00,5,5,5,0,0,0,0,0,0
2022-04-01,18:24,18:25,666,0,0.00,00:00,18,17,18:00,19:00,5,5,5,0,0,0,0,0,0
2022-04-01,18:25,18:26,666,0,0.00,00:00,18,17,18:00,19:00,5,5,5,0,0,0,0,0,0
2022-04-01,18:26,18:27,666,0,0.00,00:00,18,17,18:00,19:00,5,5,5,0,0,0,0,0,0
2022-04-01,18:27,18:28,666,2,664.24,18:27,18,17,18:00,19:00,5,5,5,0,0,0,0,0,0
2022-04-01,18:28,18:29,666,0,0.00,00:00,18,17,18:00,19:00,5,5,5,0,0,0,0,0,0
2022-04-01,18:29,18:30,666,0,0.00,00:00,18,17,18:00,19:00,5,5,5,0,0,0,0,0,0
2022-04-01,18:30,18:31,666,0,0.00,00:00,18,17,18:00,19:00,5,5,5,0,0,0,0,0,0
2022-04-01,18:31,18:32,666,0,0.00,00:00,18,17,18:00,19:00,5,5,5,0,0,0,0,0,0
2022-04-01,18:32,18:33,666,0,0.00,00:00,18,17,18:00,19:00,5,5,5,0,0,0,0,0,0
2022-04-01,18:45,18:46,666,0,0.00,00:00,18,17,18:00,19:00,5,5,5,0,0,0,0,0,0
2022-04-01,18:46,18:47,666,0,0.00,00:00,18,17,18:00,19:00,5,5,5,0,0,0,0,0,0
2022-04-01,18:47,18:48,666,0,0.00,00:00,18,17,18:00,19:00,5,5,5,0,0,0,0,0,0
2022-04-01,18:48,18:49,666,0,0.00,00:00,18,17,18:00,19:00,5,5,5,0,0,0,0,0,0
2022-04-01,18:49,18:50,666,0,0.00,00:00,18,17,18:00,19:00,5,5,5,0,0,0,0,0,0
2022-04-01,18:50,18:51,666,0,0.00,00:00,18,17,18:00,19:00,5,5,5,0,0,0,0,0,0
2022-04-01,18:51,18:52,666,0,0.00,00:00,18,17,18:00,19:00,5,5,5,0,0,0,0,0,0
2022-04-01,18:52,18:53,666,1,45.16,18:52,18,17,18:00,19:00,5,5,5,0,0,0,0,0,0
2022-04-01,18:53,18:54,666,0,0.00,00:00,18,17,18:00,19:00,5,5,5,0,0,0,0,0,0
2022-04-01,18:54,18:55,666,0,0.00,00:00,18,17,18:00,19:00,5,5,5,0,0,0,0,0,0
2022-04-01,18:55,18:56,666,0,0.00,00:00,18,17,18:00,19:00,5,5,5,0,0,0,0,0,0
2022-04-01,18:56,18:57,666,0,0.00,00:00,18,17,18:00,19:00,5,5,5,0,0,0,0,0,0
2022-04-01,18:57,18:58,666,0,0.00,00:00,18,17,18:00,19:00,5,5,5,0,0,0,0,0,0
2022-04-01,18:58,18:59,666,0,0.00,00:00,18,17,18:00,19:00,5,5,5,0,0,0,0,0,0
2022-04-01,18:59,19:00,666,0,0.00,00:00,18,17,18:00,19:00,5,5,5,0,0,0,0,0,0
2022-04-01,19:00,19:01,666,0,0.00,00:00,0,0,19:00,20:00,5,5,5,0,0,0,0,0,0
2022-04-01,12:54,12:55,666,0,0.00,00:00,16,17,12:00,13:00,6,6,5,0,1,0,0,0,0
2022-04-01,12:55,12:56,666,0,0.00,00:00,16,17,12:00,13:00,6,6,5,0,1,0,0,0,0
2022-04-01,12:56,12:57,666,0,0.00,00:00,16,17,12:00,13:00,6,6,5,0,1,0,0,0,0
2022-04-01,12:57,12:58,666,0,0.00,00:00,16,17,12:00,13:00,6,6,5,0,1,0,0,0,0
2022-04-01,12:58,12:59,666,0,0.00,00:00,16,17,12:00,13:00,6,6,5,0,1,0,0,0,0
2022-04-01,12:59,13:00,666,0,0.00,00:00,16,17,12:00,13:00,6,6,5,0,1,0,0,0,0
2022-04-01,13:00,13:01,666,0,0.00,00:00,11,11,13:00,14:00,6,6,5,0,1,0,0,0,0
2022-04-01,13:01,13:02,666,0,0.00,00:00,11,11,13:00,14:00,6,6,5,0,1,0,0,0,0
2022-04-01,13:02,13:03,666,0,0.00,00:00,11,11,13:00,14:00,6,6,5,0,1,0,0,0,0
2022-04-01,13:03,13:04,666,0,0.00,00:00,11,11,13:00,14:00,6,6,5,0,1,0,0,0,0
2022-04-01,13:04,13:05,666,0,0.00,00:00,11,11,13:00,14:00,6,6,5,0,1,0,0,0,0
2022-04-01,13:05,13:06,666,0,0.00,00:00,11,11,13:00,14:00,6,6,5,0,1,0,0,0,0
2022-04-01,13:06,13:07,666,1,46.97,13:06,11,11,13:00,14:00,6,6,5,0,1,0,0,0,0
2022-04-01,13:07,13:08,666,0,0.00,00:00,11,11,13:00,14:00,6,6,5,0,1,0,0,0,0
2022-04-01,13:08,13:09,666,1,31.89,13:08,11,11,13:00,14:00,6,6,5,0,1,0,0,0,0
2022-04-01,13:09,13:10,666,1,58.78,13:09,11,11,13:00,14:00,6,6,5,0,1,0,0,0,0
2022-04-01,13:10,13:11,666,0,0.00,00:00,11,11,13:00,14:00,6,6,5,0,1,0,0,0,0
2022-04-01,13:11,13:12,666,0,0.00,00:00,11,11,13:00,14:00,6,6,5,0,1,0,0,0,0
2022-04-01,14:06,14:07,666,0,0.00,00:00,23,25,14:00,15:00,6,5,4,0,1,0,1,0,0
2022-04-01,14:07,14:08,666,0,0.00,00:00,23,25,14:00,15:00,6,5,4,0,1,0,1,0,0
2022-04-01,14:08,14:09,666,0,0.00,00:00,23,25,14:00,15:00,6,5,4,0,1,0,1,0,0
2022-04-01,14:09,14:10,666,0,0.00,00:00,23,25,14:00,15:00,6,5,4,0,1,0,1,0,0
2022-04-01,14:10,14:11,666,0,0.00,00:00,23,25,14:00,15:00,6,5,4,0,1,0,1,0,0
2022-04-01,14:11,14:12,666,0,0.00,00:00,23,25,14:00,15:00,6,5,4,0,1,0,1,0,0
2022-04-01,14:12,14:13,666,0,0.00,00:00,23,25,14:00,15:00,6,5,4,0,1,0,1,0,0
2022-04-01,14:13,14:14,666,0,0.00,00:00,23,25,14:00,15:00,6,5,4,0,1,0,1,0,0
2022-04-01,14:14,14:15,666,0,0.00,00:00,23,25,14:00,15:00,6,5,4,0,1,0,1,0,0
2022-04-01,14:15,14:16,666,0,0.00,00:00,23,25,14:00,15:00,6,5,4,0,1,0,1,0,0
2022-04-01,14:16,14:17,666,0,0.00,00:00,23,25,14:00,15:00,6,5,4,0,1,0,1,0,0
2022-04-01,14:17,14:18,666,0,0.00,00:00,23,25,14:00,15:00,6,5,4,0,1,0,1,0,0
2022-04-01,14:18,14:19,666,0,0.00,00:00,23,25,14:00,15:00,6,5,4,0,1,0,1,0,0
2022-04-01,14:19,14:20,666,0,0.00,00:00,23,25,14:00,15:00,6,5,4,0,1,0,1,0,0
2022-04-01,14:20,14:21,666,0,0.00,00:00,23,25,14:00,15:00,6,5,4,0,1,0,1,0,0
2022-04-01,14:21,14:22,666,0,0.00,00:00,23,25,14:00,15:00,6,5,4,0,1,0,1,0,0
2022-04-01,14:22,14:23,666,0,0.00,00:00,23,25,14:00,15:00,6,5,4,0,1,0,1,0,0
2022-04-01,14:23,14:24,666,0,0.00,00:00,23,25,14:00,15:00,6,5,4,0,1,0,1,0,0
2022-04-01,14:24,14:25,666,0,0.00,00:00,23,25,14:00,15:00,6,5,4,0,1,0,1,0,0
2022-04-01,14:25,14:26,666,0,0.00,00:00,23,25,14:00,15:00,6,5,4,0,1,0,1,0,0
2022-04-01,14:26,14:27,666,0,0.00,00:00,23,25,14:00,15:00,6,5,4,0,1,0,1,0,0
2022-04-01,14:27,14:28,666,0,0.00,00:00,23,25,14:00,15:00,6,5,4,0,1,0,1,0,0
2022-04-01,14:28,14:29,666,0,0.00,00:00,23,25,14:00,15:00,6,5,4,0,1,0,1,0,0
2022-04-01,14:29,14:30,666,0,0.00,00:00,23,25,14:00,15:00,6,5,4,0,1,0,1,0,0
2022-04-01,14:30,14:31,666,0,0.00,00:00,23,25,14:00,15:00,6,5,4,0,1,0,1,0,0
2022-04-01,14:31,14:32,666,0,0.00,00:00,23,25,14:00,15:00,6,5,4,0,1,0,1,0,0
2022-04-01,14:32,14:33,666,0,0.00,00:00,23,25,14:00,15:00,6,5,4,0,1,0,1,0,0
2022-04-01,14:33,14:34,666,1,168.03,14:33,23,25,14:00,15:00,6,5,4,0,1,0,1,0,0
2022-04-01,14:34,14:35,666,1,212.07,14:34,23,25,14:00,15:00,6,5,4,0,1,0,1,0,0
2022-04-01,14:35,14:36,666,0,0.00,00:00,23,25,14:00,15:00,6,5,4,0,1,0,1,0,0
2022-04-01,14:36,14:37,666,0,0.00,00:00,23,25,14:00,15:00,6,5,4,0,1,0,1,0,0
2022-04-01,15:02,15:03,666,0,0.00,00:00,31,23,15:00,16:00,6,6,5,0,1,0,0,0,0
2022-04-01,15:03,15:04,666,0,0.00,00:00,31,23,15:00,16:00,6,6,5,0,1,0,0,0,0
2022-04-01,15:04,15:05,666,0,0.00,00:00,31,23,15:00,16:00,6,6,5,0,1,0,0,0,0
2022-04-01,15:05,15:06,666,1,71.35,15:05,31,23,15:00,16:00,6,6,5,0,1,0,0,0,0
2022-04-01,15:06,15:07,666,0,0.00,00:00,31,23,15:00,16:00,6,6,5,0,1,0,0,0,0
2022-04-01,15:07,15:08,666,0,0.00,00:00,31,23,15:00,16:00,6,6,5,0,1,0,0,0,0
2022-04-01,15:08,15:09,666,1,142.77,15:08,31,23,15:00,16:00,6,6,5,0,1,0,0,0,0
2022-04-01,15:09,15:10,666,1,49.54,15:09,31,23,15:00,16:00,6,6,5,0,1,0,0,0,0
2022-04-01,15:10,15:11,666,1,403.15,15:10,31,23,15:00,16:00,6,6,5,0,1,0,0,0,0
2022-04-01,15:11,15:12,666,0,0.00,00:00,31,23,15:00,16:00,6,6,5,0,1,0,0,0,0
2022-04-01,15:12,15:13,666,0,0.00,00:00,31,23,15:00,16:00,6,6,5,0,1,0,0,0,0
2022-04-01,15:13,15:14,666,0,0.00,00:00,31,23,15:00,16:00,6,6,5,0,1,0,0,0,0
2022-04-01,15:14,15:15,666,0,0.00,00:00,31,23,15:00,16:00,6,6,5,0,1,0,0,0,0
2022-04-01,15:15,15:16,666,0,0.00,00:00,31,23,15:00,16:00,6,6,5,0,1,0,0,0,0
2022-04-01,15:16,15:17,666,0,0.00,00:00,31,23,15:00,16:00,6,6,5,0,1,0,0,0,0
2022-04-01,15:17,15:18,666,0,0.00,00:00,31,23,15:00,16:00,6,6,5,0,1,0,0,0,0
2022-04-01,15:18,15:19,666,0,0.00,00:00,31,23,15:00,16:00,6,6,5,0,1,0,0,0,0
2022-04-01,15:28,15:29,666,0,0.00,00:00,31,23,15:00,16:00,6,6,6,0,0,0,0,0,0
2022-04-01,15:29,15:30,666,0,0.00,00:00,31,23,15:00,16:00,6,6,6,0,0,0,0,0,0
2022-04-01,15:30,15:31,666,0,0.00,00:00,31,23,15:00,16:00,6,6,6,0,0,0,0,0,0
2022-04-01,15:31,15:32,666,0,0.00,00:00,31,23,15:00,16:00,6,6,6,0,0,0,0,0,0
2022-04-01,15:32,15:33,666,0,0.00,00:00,31,23,15:00,16:00,6,6,6,0,0,0,0,0,0
2022-04-01,15:33,15:34,666,0,0.00,00:00,31,23,15:00,16:00,6,6,6,0,0,0,0,0,0
2022-04-01,15:34,15:35,666,1,120.56,15:34,31,23,15:00,16:00,6,6,6,0,0,0,0,0,0
2022-04-01,15:35,15:36,666,0,0.00,00:00,31,23,15:00,16:00,6,6,6,0,0,0,0,0,0
2022-04-01,15:36,15:37,666,0,0.00,00:00,31,23,15:00,16:00,6,6,6,0,0,0,0,0,0
2022-04-01,15:37,15:38,666,0,0.00,00:00,31,23,15:00,16:00,6,6,6,0,0,0,0,0,0
2022-04-01,15:38,15:39,666,0,0.00,00:00,31,23,15:00,16:00,6,6,6,0,0,0,0,0,0
2022-04-01,15:39,15:40,666,0,0.00,00:00,31,23,15:00,16:00,6,6,6,0,0,0,0,0,0
2022-04-01,15:40,15:41,666,1,109.20,15:40,31,23,15:00,16:00,6,6,6,0,0,0,0,0,0
2022-04-01,15:41,15:42,666,1,83.99,15:41,31,23,15:00,16:00,6,6,6,0,0,0,0,0,0
2022-04-01,15:42,15:43,666,0,0.00,00:00,31,23,15:00,16:00,6,6,6,0,0,0,0,0,0
2022-04-01,15:43,15:44,666,0,0.00,00:00,31,23,15:00,16:00,6,6,6,0,0,0,0,0,0
2022-04-01,15:44,15:45,666,1,175.63,15:44,31,23,15:00,16:00,6,6,6,0,0,0,0,0,0
2022-04-01,15:45,15:46,666,0,0.00,00:00,31,23,15:00,16:00,6,6,6,0,0,0,0,0,0
2022-04-01,15:46,15:47,666,0,0.00,00:00,31,23,15:00,16:00,6,6,6,0,0,0,0,0,0
2022-04-01,15:47,15:48,666,0,0.00,00:00,31,23,15:00,16:00,6,6,6,0,0,0,0,0,0
2022-04-01,15:48,15:49,666,0,0.00,00:00,31,23,15:00,16:00,6,6,6,0,0,0,0,0,0
2022-04-01,15:49,15:50,666,0,0.00,00:00,31,23,15:00,16:00,6,6,6,0,0,0,0,0,0
2022-04-01,16:32,16:33,666,0,0.00,00:00,17,17,16:00,17:00,6,6,6,0,0,0,0,0,0
2022-04-01,16:33,16:34,666,0,0.00,00:00,17,17,16:00,17:00,6,6,6,0,0,0,0,0,0
2022-04-01,16:34,16:35,666,0,0.00,00:00,17,17,16:00,17:00,6,6,6,0,0,0,0,0,0
2022-04-01,16:35,16:36,666,0,0.00,00:00,17,17,16:00,17:00,6,6,6,0,0,0,0,0,0
2022-04-01,16:36,16:37,666,0,0.00,00:00,17,17,16:00,17:00,6,6,6,0,0,0,0,0,0
2022-04-01,16:37,16:38,666,0,0.00,00:00,17,17,16:00,17:00,6,6,6,0,0,0,0,0,0
2022-04-01,16:38,16:39,666,0,0.00,00:00,17,17,16:00,17:00,6,6,6,0,0,0,0,0,0
2022-04-01,16:39,16:40,666,0,0.00,00:00,17,17,16:00,17:00,6,6,6,0,0,0,0,0,0
2022-04-01,16:40,16:41,666,1,34.33,16:40,17,17,16:00,17:00,6,6,6,0,0,0,0,0,0
2022-04-01,16:41,16:42,666,0,0.00,00:00,17,17,16:00,17:00,6,6,6,0,0,0,0,0,0
2022-04-01,16:42,16:43,666,0,0.00,00:00,17,17,16:00,17:00,6,6,6,0,0,0,0,0,0
2022-04-01,16:43,16:44,666,0,0.00,00:00,17,17,16:00,17:00,6,6,6,0,0,0,0,0,0
2022-04-01,16:44,16:45,666,0,0.00,00:00,17,17,16:00,17:00,6,6,6,0,0,0,0,0,0
2022-04-01,16:45,16:46,666,0,0.00,00:00,17,17,16:00,17:00,6,6,6,0,0,0,0,0,0
2022-04-01,16:46,16:47,666,0,0.00,00:00,17,17,16:00,17:00,6,6,6,0,0,0,0,0,0
2022-04-01,16:47,16:48,666,0,0.00,00:00,17,17,16:00,17:00,6,6,6,0,0,0,0,0,0
2022-04-01,16:48,16:49,666,0,0.00,00:00,17,17,16:00,17:00,6,6,6,0,0,0,0,0,0
2022-04-01,16:49,16:50,666,0,0.00,00:00,17,17,16:00,17:00,6,6,6,0,0,0,0,0,0
2022-04-01,16:50,16:51,666,0,0.00,00:00,17,17,16:00,17:00,6,6,6,0,0,0,0,0,0
2022-04-01,16:51,16:52,666,0,0.00,00:00,17,17,16:00,17:00,6,6,6,0,0,0,0,0,0
2022-04-01,16:52,16:53,666,0,0.00,00:00,17,17,16:00,17:00,6,6,6,0,0,0,0,0,0
2022-04-01,16:53,16:54,666,0,0.00,00:00,17,17,16:00,17:00,6,6,6,0,0,0,0,0,0
2022-04-01,16:54,16:55,666,0,0.00,00:00,17,17,16:00,17:00,6,6,6,0,0,0,0,0,0
2022-04-01,16:55,16:56,666,0,0.00,00:00,17,17,16:00,17:00,6,6,6,0,0,0,0,0,0
2022-04-01,16:56,16:57,666,0,0.00,00:00,17,17,16:00,17:00,6,6,6,0,0,0,0,0,0
2022-04-01,16:57,16:58,666,0,0.00,00:00,17,17,16:00,17:00,6,6,6,0,0,0,0,0,0
2022-04-01,16:58,16:59,666,0,0.00,00:00,17,17,16:00,17:00,6,6,6,0,0,0,0,0,0
2022-04-01,16:59,17:00,666,0,0.00,00:00,17,17,16:00,17:00,6,6,6,0,0,0,0,0,0
2022-04-01,17:00,17:01,666,0,0.00,00:00,13,19,17:00,18:00,6,6,6,0,0,0,0,0,0
2022-04-01,17:01,17:02,666,1,188.14,17:01,13,19,17:00,18:00,6,6,6,0,0,0,0,0,0
2022-04-01,17:02,17:03,666,0,0.00,00:00,13,19,17:00,18:00,6,6,6,0,0,0,0,0,0
2022-04-01,17:03,17:04,666,1,113.69,17:03,13,19,17:00,18:00,6,6,6,0,0,0,0,0,0
2022-04-01,17:04,17:05,666,1,78.87,17:04,13,19,17:00,18:00,6,6,6,0,0,0,0,0,0
2022-04-01,17:05,17:06,666,0,0.00,00:00,13,19,17:00,18:00,6,6,6,0,0,0,0,0,0
2022-04-01,17:06,17:07,666,0,0.00,00:00,13,19,17:00,18:00,6,6,6,0,0,0,0,0,0
2022-04-01,17:07,17:08,666,1,361.22,17:07,13,19,17:00,18:00,6,6,6,0,0,0,0,0,0
2022-04-01,17:08,17:09,666,0,0.00,00:00,13,19,17:00,18:00,6,6,6,0,0,0,0,0,0
2022-04-01,17:09,17:10,666,2,265.42,17:09,13,19,17:00,18:00,6,6,6,0,0,0,0,0,0
2022-04-01,17:10,17:11,666,2,260.38,17:10,13,19,17:00,18:00,6,6,6,0,0,0,0,0,0
2022-04-01,17:11,17:12,666,1,47.81,17:11,13,19,17:00,18:00,6,6,6,0,0,0,0,0,0
2022-04-01,17:12,17:13,666,0,0.00,00:00,13,19,17:00,18:00,6,6,6,0,0,0,0,0,0
2022-04-01,17:13,17:14,666,0,0.00,00:00,13,19,17:00,18:00,6,6,6,0,0,0,0,0,0
2022-04-01,17:14,17:15,666,0,0.00,00:00,13,19,17:00,18:00,6,6,6,0,0,0,0,0,0
2022-04-01,17:15,17:16,666,0,0.00,00:00,13,19,17:00,18:00,6,6,6,0,0,0,0,0,0
2022-04-01,17:16,17:17,666,0,0.00,00:00,13,19,17:00,18:00,6,6,6,0,0,0,0,0,0
2022-04-01,17:17,17:18,666,0,0.00,00:00,13,19,17:00,18:00,6,6,6,0,0,0,0,0,0
2022-04-01,17:18,17:19,666,0,0.00,00:00,13,19,17:00,18:00,6,6,6,0,0,0,0,0,0
2022-04-01,17:43,17:44,666,0,0.00,00:00,13,19,17:00,18:00,6,6,6,0,0,0,0,0,0
2022-04-01,17:44,17:45,666,0,0.00,00:00,13,19,17:00,18:00,6,6,6,0,0,0,0,0,0
2022-04-01,17:45,17:46,666,0,0.00,00:00,13,19,17:00,18:00,6,6,6,0,0,0,0,0,0
2022-04-01,17:46,17:47,666,0,0.00,00:00,13,19,17:00,18:00,6,6,6,0,0,0,0,0,0
2022-04-01,17:47,17:48,666,0,0.00,00:00,13,19,17:00,18:00,6,6,6,0,0,0,0,0,0
2022-04-01,17:48,17:49,666,0,0.00,00:00,13,19,17:00,18:00,6,6,6,0,0,0,0,0,0
2022-04-01,17:49,17:50,666,0,0.00,00:00,13,19,17:00,18:00,6,6,6,0,0,0,0,0,0
2022-04-01,17:50,17:51,666,0,0.00,00:00,13,19,17:00,18:00,6,6,6,0,0,0,0,0,0
2022-04-01,10:02,10:03,666,0,0.00,00:00,44,28,10:00,11:00,7,6,5,0,1,0,1,0,0
2022-04-01,10:03,10:04,666,0,0.00,00:00,44,28,10:00,11:00,7,6,5,0,1,0,1,0,0
2022-04-01,10:04,10:05,666,0,0.00,00:00,44,28,10:00,11:00,7,6,5,0,1,0,1,0,0
2022-04-01,10:05,10:06,666,0,0.00,00:00,44,28,10:00,11:00,7,6,5,0,1,0,1,0,0
2022-04-01,10:06,10:07,666,0,0.00,00:00,44,28,10:00,11:00,7,6,5,0,1,0,1,0,0
2022-04-01,10:07,10:08,666,0,0.00,00:00,44,28,10:00,11:00,7,6,5,0,1,0,1,0,0
2022-04-01,10:08,10:09,666,0,0.00,00:00,44,28,10:00,11:00,7,6,5,0,1,0,1,0,0
2022-04-01,10:09,10:10,666,0,0.00,00:00,44,28,10:00,11:00,7,6,5,0,1,0,1,0,0
2022-04-01,10:10,10:11,666,0,0.00,00:00,44,28,10:00,11:00,7,6,5,0,1,0,1,0,0
2022-04-01,10:11,10:12,666,0,0.00,00:00,44,28,10:00,11:00,7,6,5,0,1,0,1,0,0
2022-04-01,10:12,10:13,666,0,0.00,00:00,44,28,10:00,11:00,7,6,5,0,1,0,1,0,0
2022-04-01,10:13,10:14,666,0,0.00,00:00,44,28,10:00,11:00,7,6,5,0,1,0,1,0,0
2022-04-01,10:14,10:15,666,0,0.00,00:00,44,28,10:00,11:00,7,6,5,0,1,0,1,0,0
2022-04-01,10:15,10:16,666,0,0.00,00:00,44,28,10:00,11:00,7,6,5,0,1,0,1,0,0
2022-04-01,10:16,10:17,666,0,0.00,00:00,44,28,10:00,11:00,7,6,5,0,1,0,1,0,0
2022-04-01,10:17,10:18,666,0,0.00,00:00,44,28,10:00,11:00,7,6,5,0,1,0,1,0,0
2022-04-01,10:18,10:19,666,0,0.00,00:00,44,28,10:00,11:00,7,6,5,0,1,0,1,0,0
2022-04-01,10:19,10:20,666,0,0.00,00:00,44,28,10:00,11:00,7,6,5,0,1,0,1,0,0
2022-04-01,10:20,10:21,666,0,0.00,00:00,44,28,10:00,11:00,7,6,5,0,1,0,1,0,0
2022-04-01,10:21,10:22,666,0,0.00,00:00,44,28,10:00,11:00,7,6,5,0,1,0,1,0,0
2022-04-01,10:22,10:23,666,0,0.00,00:00,44,28,10:00,11:00,7,6,5,0,1,0,1,0,0
2022-04-01,10:23,10:24,666,0,0.00,00:00,44,28,10:00,11:00,7,6,5,0,1,0,1,0,0
2022-04-01,10:24,10:25,666,0,0.00,00:00,44,28,10:00,11:00,7,6,5,0,1,0,1,0,0
2022-04-01,11:50,11:51,666,0,0.00,00:00,18,20,11:00,12:00,7,7,6,0,1,0,0,0,0
2022-04-01,11:51,11:52,666,0,0.00,00:00,18,20,11:00,12:00,7,7,6,0,1,0,0,0,0
2022-04-01,11:52,11:53,666,0,0.00,00:00,18,20,11:00,12:00,7,7,6,0,1,0,0,0,0
2022-04-01,11:53,11:54,666,0,0.00,00:00,18,20,11:00,12:00,7,7,6,0,1,0,0,0,0
2022-04-01,11:54,11:55,666,0,0.00,00:00,18,20,11:00,12:00,7,7,6,0,1,0,0,0,0
2022-04-01,11:55,11:56,666,0,0.00,00:00,18,20,11:00,12:00,7,7,6,0,1,0,0,0,0
2022-04-01,11:56,11:57,666,0,0.00,00:00,18,20,11:00,12:00,7,7,6,0,1,0,0,0,0
2022-04-01,11:57,11:58,666,0,0.00,00:00,18,20,11:00,12:00,7,7,6,0,1,0,0,0,0
2022-04-01,12:42,12:43,666,0,0.00,00:00,16,17,12:00,13:00,7,6,5,0,1,0,1,0,0
2022-04-01,12:43,12:44,666,0,0.00,00:00,16,17,12:00,13:00,7,6,5,0,1,0,1,0,0
2022-04-01,12:44,12:45,666,0,0.00,00:00,16,17,12:00,13:00,7,6,5,0,1,0,1,0,0
2022-04-01,12:45,12:46,666,0,0.00,00:00,16,17,12:00,13:00,7,6,5,0,1,0,1,0,0
2022-04-01,12:46,12:47,666,0,0.00,00:00,16,17,12:00,13:00,7,6,5,0,1,0,1,0,0
2022-04-01,12:47,12:48,666,0,0.00,00:00,16,17,12:00,13:00,7,6,5,0,1,0,1,0,0
2022-04-01,12:48,12:49,666,0,0.00,00:00,16,17,12:00,13:00,7,6,5,0,1,0,1,0,0
2022-04-01,12:49,12:50,666,0,0.00,00:00,16,17,12:00,13:00,7,6,5,0,1,0,1,0,0
2022-04-01,12:50,12:51,666,0,0.00,00:00,16,17,12:00,13:00,7,6,5,0,1,0,1,0,0
2022-04-01,12:51,12:52,666,0,0.00,00:00,16,17,12:00,13:00,7,6,5,0,1,0,1,0,0
2022-04-01,12:52,12:53,666,0,0.00,00:00,16,17,12:00,13:00,7,6,5,0,1,0,1,0,0
2022-04-01,12:53,12:54,666,0,0.00,00:00,16,17,12:00,13:00,7,6,5,0,1,0,1,0,0
2022-04-01,13:12,13:13,666,0,0.00,00:00,11,11,13:00,14:00,7,7,6,0,1,0,0,0,0
2022-04-01,13:13,13:14,666,0,0.00,00:00,11,11,13:00,14:00,7,7,6,0,1,0,0,0,0
2022-04-01,13:14,13:15,666,0,0.00,00:00,11,11,13:00,14:00,7,7,6,0,1,0,0,0,0
2022-04-01,13:15,13:16,666,0,0.00,00:00,11,11,13:00,14:00,7,7,6,0,1,0,0,0,0
2022-04-01,13:57,13:58,666,0,0.00,00:00,11,11,13:00,14:00,7,6,5,0,1,0,1,0,0
2022-04-01,13:58,13:59,666,1,326.55,13:58,11,11,13:00,14:00,7,6,5,0,1,0,1,0,0
2022-04-01,13:59,14:00,666,0,0.00,00:00,11,11,13:00,14:00,7,6,5,0,1,0,1,0,0
2022-04-01,14:00,14:01,666,0,0.00,00:00,23,25,14:00,15:00,7,6,5,0,1,0,1,0,0
2022-04-01,14:01,14:02,666,0,0.00,00:00,23,25,14:00,15:00,7,6,5,0,1,0,1,0,0
2022-04-01,14:02,14:03,666,0,0.00,00:00,23,25,14:00,15:00,7,6,5,0,1,0,1,0,0
2022-04-01,14:03,14:04,666,0,0.00,00:00,23,25,14:00,15:00,7,6,5,0,1,0,1,0,0
2022-04-01,14:04,14:05,666,0,0.00,00:00,23,25,14:00,15:00,7,6,5,0,1,0,1,0,0
2022-04-01,14:05,14:06,666,0,0.00,00:00,23,25,14:00,15:00,7,6,5,0,1,0,1,0,0
2022-04-01,14:37,14:38,666,1,368.73,14:37,23,25,14:00,15:00,7,6,5,0,1,0,1,0,0
2022-04-01,14:38,14:39,666,0,0.00,00:00,23,25,14:00,15:00,7,6,5,0,1,0,1,0,0
2022-04-01,14:39,14:40,666,1,49.41,14:39,23,25,14:00,15:00,7,6,5,0,1,0,1,0,0
2022-04-01,14:48,14:49,666,0,0.00,00:00,23,25,14:00,15:00,7,6,5,0,1,0,1,0,0
2022-04-01,14:49,14:50,666,0,0.00,00:00,23,25,14:00,15:00,7,6,5,0,1,0,1,0,0
2022-04-01,14:50,14:51,666,0,0.00,00:00,23,25,14:00,15:00,7,6,5,0,1,0,1,0,0
2022-04-01,14:51,14:52,666,0,0.00,00:00,23,25,14:00,15:00,7,6,5,0,1,0,1,0,0
2022-04-01,14:52,14:53,666,0,0.00,00:00,23,25,14:00,15:00,7,6,5,0,1,0,1,0,0
2022-04-01,14:53,14:54,666,0,0.00,00:00,23,25,14:00,15:00,7,6,5,0,1,0,1,0,0
2022-04-01,14:54,14:55,666,1,67.18,14:54,23,25,14:00,15:00,7,6,5,0,1,0,1,0,0
2022-04-01,14:55,14:56,666,1,88.15,14:55,23,25,14:00,15:00,7,6,5,0,1,0,1,0,0
2022-04-01,14:56,14:57,666,0,0.00,00:00,23,25,14:00,15:00,7,6,5,0,1,0,1,0,0
2022-04-01,14:57,14:58,666,0,0.00,00:00,23,25,14:00,15:00,7,6,5,0,1,0,1,0,0
2022-04-01,14:58,14:59,666,0,0.00,00:00,23,25,14:00,15:00,7,6,5,0,1,0,1,0,0
2022-04-01,14:59,15:00,666,0,0.00,00:00,23,25,14:00,15:00,7,6,5,0,1,0,1,0,0
2022-04-01,15:00,15:01,666,0,0.00,00:00,31,23,15:00,16:00,7,6,5,0,1,0,1,0,0
2022-04-01,15:01,15:02,666,0,0.00,00:00,31,23,15:00,16:00,7,6,5,0,1,0,1,0,0
2022-04-01,15:19,15:20,666,1,163.78,15:19,31,23,15:00,16:00,7,7,6,0,1,0,0,0,0
2022-04-01,15:20,15:21,666,0,0.00,00:00,31,23,15:00,16:00,7,7,6,0,1,0,0,0,0
2022-04-01,15:21,15:22,666,1,365.37,15:21,31,23,15:00,16:00,7,7,6,0,1,0,0,0,0
2022-04-01,15:22,15:23,666,1,83.99,15:22,31,23,15:00,16:00,7,7,6,0,1,0,0,0,0
2022-04-01,15:23,15:24,666,2,373.79,15:23,31,23,15:00,16:00,7,7,6,0,1,0,0,0,0
2022-04-01,15:24,15:25,666,0,0.00,00:00,31,23,15:00,16:00,7,7,6,0,1,0,0,0,0
2022-04-01,15:25,15:26,666,0,0.00,00:00,31,23,15:00,16:00,7,7,6,0,1,0,0,0,0
2022-04-01,15:26,15:27,666,0,0.00,00:00,31,23,15:00,16:00,7,7,6,0,1,0,0,0,0
2022-04-01,15:27,15:28,666,0,0.00,00:00,31,23,15:00,16:00,7,7,6,0,1,0,0,0,0
2022-04-01,09:45,09:46,666,0,0.00,00:00,0,0,09:00,10:00,8,7,6,0,1,0,1,0,0
2022-04-01,09:46,09:47,666,0,0.00,00:00,0,0,09:00,10:00,8,7,6,0,1,0,1,0,0
2022-04-01,09:47,09:48,666,0,0.00,00:00,0,0,09:00,10:00,8,7,6,0,1,0,1,0,0
2022-04-01,09:48,09:49,666,0,0.00,00:00,0,0,09:00,10:00,8,7,6,0,1,0,1,0,0
2022-04-01,09:49,09:50,666,0,0.00,00:00,0,0,09:00,10:00,8,7,6,0,1,0,1,0,0
2022-04-01,09:50,09:51,666,0,0.00,00:00,0,0,09:00,10:00,8,7,6,0,1,0,1,0,0
2022-04-01,09:51,09:52,666,0,0.00,00:00,0,0,09:00,10:00,8,7,6,0,1,0,1,0,0
2022-04-01,09:52,09:53,666,0,0.00,00:00,0,0,09:00,10:00,8,7,6,0,1,0,1,0,0
2022-04-01,09:53,09:54,666,0,0.00,00:00,0,0,09:00,10:00,8,7,6,0,1,0,1,0,0
2022-04-01,09:54,09:55,666,0,0.00,00:00,0,0,09:00,10:00,8,7,6,0,1,0,1,0,0
2022-04-01,09:55,09:56,666,0,0.00,00:00,0,0,09:00,10:00,8,7,6,0,1,0,1,0,0
2022-04-01,09:56,09:57,666,0,0.00,00:00,0,0,09:00,10:00,8,7,6,0,1,0,1,0,0
2022-04-01,09:57,09:58,666,0,0.00,00:00,0,0,09:00,10:00,8,7,6,0,1,0,1,0,0
2022-04-01,09:58,09:59,666,0,0.00,00:00,0,0,09:00,10:00,8,7,6,0,1,0,1,0,0
2022-04-01,09:59,10:00,666,0,0.00,00:00,0,0,09:00,10:00,8,7,6,0,1,0,1,0,0
2022-04-01,10:00,10:01,666,0,0.00,00:00,44,28,10:00,11:00,8,7,6,0,1,0,1,0,0
2022-04-01,10:01,10:02,666,0,0.00,00:00,44,28,10:00,11:00,8,7,6,0,1,0,1,0,0
2022-04-01,10:25,10:26,666,0,0.00,00:00,44,28,10:00,11:00,8,7,6,0,1,0,1,0,0
2022-04-01,10:26,10:27,666,0,0.00,00:00,44,28,10:00,11:00,8,7,6,0,1,0,1,0,0
2022-04-01,10:27,10:28,666,0,0.00,00:00,44,28,10:00,11:00,8,7,6,0,1,0,1,0,0
2022-04-01,10:28,10:29,666,0,0.00,00:00,44,28,10:00,11:00,8,7,6,0,1,0,1,0,0
2022-04-01,10:29,10:30,666,0,0.00,00:00,44,28,10:00,11:00,8,7,6,0,1,0,1,0,0
2022-04-01,10:30,10:31,666,0,0.00,00:00,44,28,10:00,11:00,8,7,6,0,1,0,1,0,0
2022-04-01,10:31,10:32,666,0,0.00,00:00,44,28,10:00,11:00,8,7,6,0,1,0,1,0,0
2022-04-01,10:32,10:33,666,0,0.00,00:00,44,28,10:00,11:00,8,7,6,0,1,0,1,0,0
2022-04-01,10:33,10:34,666,0,0.00,00:00,44,28,10:00,11:00,8,7,6,0,1,0,1,0,0
2022-04-01,10:34,10:35,666,0,0.00,00:00,44,28,10:00,11:00,8,7,6,0,1,0,1,0,0
2022-04-01,10:35,10:36,666,0,0.00,00:00,44,28,10:00,11:00,8,7,6,0,1,0,1,0,0
2022-04-01,10:36,10:37,666,0,0.00,00:00,44,28,10:00,11:00,8,7,6,0,1,0,1,0,0
2022-04-01,10:37,10:38,666,0,0.00,00:00,44,28,10:00,11:00,8,7,6,0,1,0,1,0,0
2022-04-01,10:38,10:39,666,0,0.00,00:00,44,28,10:00,11:00,8,7,6,0,1,0,1,0,0
2022-04-01,10:39,10:40,666,0,0.00,00:00,44,28,10:00,11:00,8,7,6,0,1,0,1,0,0
2022-04-01,10:40,10:41,666,0,0.00,00:00,44,28,10:00,11:00,8,7,6,0,1,0,1,0,0
2022-04-01,10:41,10:42,666,0,0.00,00:00,44,28,10:00,11:00,8,7,6,0,1,0,1,0,0
2022-04-01,10:42,10:43,666,0,0.00,00:00,44,28,10:00,11:00,8,7,6,0,1,0,1,0,0
2022-04-01,10:43,10:44,666,0,0.00,00:00,44,28,10:00,11:00,8,7,6,0,1,0,1,0,0
2022-04-01,10:44,10:45,666,0,0.00,00:00,44,28,10:00,11:00,8,7,6,0,1,0,1,0,0
2022-04-01,10:45,10:46,666,1,16.76,10:45,44,28,10:00,11:00,8,7,6,0,1,0,1,0,0
2022-04-01,10:46,10:47,666,1,545.38,10:46,44,28,10:00,11:00,8,7,6,0,1,0,1,0,0
2022-04-01,10:47,10:48,666,0,0.00,00:00,44,28,10:00,11:00,8,7,6,0,1,0,1,0,0
2022-04-01,10:48,10:49,666,1,88.27,10:48,44,28,10:00,11:00,8,7,6,0,1,0,1,0,0
2022-04-01,10:49,10:50,666,0,0.00,00:00,44,28,10:00,11:00,8,7,6,0,1,0,1,0,0
2022-04-01,10:50,10:51,666,0,0.00,00:00,44,28,10:00,11:00,8,7,6,0,1,0,1,0,0
2022-04-01,10:51,10:52,666,0,0.00,00:00,44,28,10:00,11:00,8,7,6,0,1,0,1,0,0
2022-04-01,10:52,10:53,666,0,0.00,00:00,44,28,10:00,11:00,8,7,6,0,1,0,1,0,0
2022-04-01,10:53,10:54,666,0,0.00,00:00,44,28,10:00,11:00,8,7,6,0,1,0,1,0,0
2022-04-01,10:54,10:55,666,0,0.00,00:00,44,28,10:00,11:00,8,7,6,0,1,0,1,0,0
2022-04-01,10:55,10:56,666,0,0.00,00:00,44,28,10:00,11:00,8,7,6,0,1,0,1,0,0
2022-04-01,10:56,10:57,666,2,157.63,10:56,44,28,10:00,11:00,8,7,6,0,1,0,1,0,0
2022-04-01,10:57,10:58,666,0,0.00,00:00,44,28,10:00,11:00,8,7,6,0,1,0,1,0,0
2022-04-01,10:58,10:59,666,0,0.00,00:00,44,28,10:00,11:00,8,7,6,0,1,0,1,0,0
2022-04-01,10:59,11:00,666,0,0.00,00:00,44,28,10:00,11:00,8,7,6,0,1,0,1,0,0
2022-04-01,11:00,11:01,666,0,0.00,00:00,18,20,11:00,12:00,8,7,6,0,1,0,1,0,0
2022-04-01,11:01,11:02,666,0,0.00,00:00,18,20,11:00,12:00,8,7,6,0,1,0,1,0,0
2022-04-01,11:02,11:03,666,0,0.00,00:00,18,20,11:00,12:00,8,7,6,0,1,0,1,0,0
2022-04-01,11:03,11:04,666,1,4.16,11:03,18,20,11:00,12:00,8,7,6,0,1,0,1,0,0
2022-04-01,11:04,11:05,666,0,0.00,00:00,18,20,11:00,12:00,8,7,6,0,1,0,1,0,0
2022-04-01,11:05,11:06,666,0,0.00,00:00,18,20,11:00,12:00,8,7,6,0,1,0,1,0,0
2022-04-01,11:06,11:07,666,1,126.01,11:06,18,20,11:00,12:00,8,7,6,0,1,0,1,0,0
2022-04-01,11:07,11:08,666,0,0.00,00:00,18,20,11:00,12:00,8,7,6,0,1,0,1,0,0
2022-04-01,11:08,11:09,666,0,0.00,00:00,18,20,11:00,12:00,8,7,6,0,1,0,1,0,0
2022-04-01,11:09,11:10,666,0,0.00,00:00,18,20,11:00,12:00,8,7,6,0,1,0,1,0,0
2022-04-01,11:10,11:11,666,0,0.00,00:00,18,20,11:00,12:00,8,7,6,0,1,0,1,0,0
2022-04-01,11:11,11:12,666,0,0.00,00:00,18,20,11:00,12:00,8,7,6,0,1,0,1,0,0
2022-04-01,11:12,11:13,666,0,0.00,00:00,18,20,11:00,12:00,8,7,6,0,1,0,1,0,0
2022-04-01,11:13,11:14,666,0,0.00,00:00,18,20,11:00,12:00,8,7,6,0,1,0,1,0,0
2022-04-01,11:14,11:15,666,0,0.00,00:00,18,20,11:00,12:00,8,7,6,0,1,0,1,0,0
2022-04-01,11:15,11:16,666,0,0.00,00:00,18,20,11:00,12:00,8,7,6,0,1,0,1,0,0
2022-04-01,11:16,11:17,666,0,0.00,00:00,18,20,11:00,12:00,8,7,6,0,1,0,1,0,0
2022-04-01,11:17,11:18,666,0,0.00,00:00,18,20,11:00,12:00,8,7,6,0,1,0,1,0,0
2022-04-01,11:18,11:19,666,0,0.00,00:00,18,20,11:00,12:00,8,7,6,0,1,0,1,0,0
2022-04-01,11:19,11:20,666,0,0.00,00:00,18,20,11:00,12:00,8,7,6,0,1,0,1,0,0
2022-04-01,11:20,11:21,666,0,0.00,00:00,18,20,11:00,12:00,8,7,6,0,1,0,1,0,0
2022-04-01,11:21,11:22,666,0,0.00,00:00,18,20,11:00,12:00,8,7,6,0,1,0,1,0,0
2022-04-01,11:22,11:23,666,0,0.00,00:00,18,20,11:00,12:00,8,7,6,0,1,0,1,0,0
2022-04-01,11:23,11:24,666,0,0.00,00:00,18,20,11:00,12:00,8,7,6,0,1,0,1,0,0
2022-04-01,11:24,11:25,666,0,0.00,00:00,18,20,11:00,12:00,8,7,6,0,1,0,1,0,0
2022-04-01,11:25,11:26,666,0,0.00,00:00,18,20,11:00,12:00,8,7,6,0,1,0,1,0,0
2022-04-01,11:26,11:27,666,0,0.00,00:00,18,20,11:00,12:00,8,7,6,0,1,0,1,0,0
2022-04-01,11:27,11:28,666,0,0.00,00:00,18,20,11:00,12:00,8,7,6,0,1,0,1,0,0
2022-04-01,11:28,11:29,666,0,0.00,00:00,18,20,11:00,12:00,8,7,6,0,1,0,1,0,0
2022-04-01,11:29,11:30,666,0,0.00,00:00,18,20,11:00,12:00,8,7,6,0,1,0,1,0,0
2022-04-01,11:30,11:31,666,0,0.00,00:00,18,20,11:00,12:00,8,7,6,0,1,0,1,0,0
2022-04-01,11:31,11:32,666,0,0.00,00:00,18,20,11:00,12:00,8,7,6,0,1,0,1,0,0
2022-04-01,11:32,11:33,666,1,16.76,11:32,18,20,11:00,12:00,8,7,6,0,1,0,1,0,0
2022-04-01,11:33,11:34,666,0,0.00,00:00,18,20,11:00,12:00,8,7,6,0,1,0,1,0,0
2022-04-01,11:34,11:35,666,0,0.00,00:00,18,20,11:00,12:00,8,7,6,0,1,0,1,0,0
2022-04-01,11:35,11:36,666,0,0.00,00:00,18,20,11:00,12:00,8,7,6,0,1,0,1,0,0
2022-04-01,11:36,11:37,666,0,0.00,00:00,18,20,11:00,12:00,8,7,6,0,1,0,1,0,0
2022-04-01,11:37,11:38,666,0,0.00,00:00,18,20,11:00,12:00,8,7,6,0,1,0,1,0,0
2022-04-01,11:38,11:39,666,0,0.00,00:00,18,20,11:00,12:00,8,7,6,0,1,0,1,0,0
2022-04-01,11:39,11:40,666,0,0.00,00:00,18,20,11:00,12:00,8,7,6,0,1,0,1,0,0
2022-04-01,11:40,11:41,666,1,201.60,11:40,18,20,11:00,12:00,8,7,6,0,1,0,1,0,0
2022-04-01,11:41,11:42,666,0,0.00,00:00,18,20,11:00,12:00,8,7,6,0,1,0,1,0,0
2022-04-01,11:42,11:43,666,1,126.01,11:42,18,20,11:00,12:00,8,7,6,0,1,0,1,0,0
2022-04-01,11:43,11:44,666,1,100.80,11:43,18,20,11:00,12:00,8,7,6,0,1,0,1,0,0
2022-04-01,11:44,11:45,666,0,0.00,00:00,18,20,11:00,12:00,8,7,6,0,1,0,1,0,0
2022-04-01,11:45,11:46,666,1,20.97,11:45,18,20,11:00,12:00,8,7,6,0,1,0,1,0,0
2022-04-01,11:46,11:47,666,0,0.00,00:00,18,20,11:00,12:00,8,7,6,0,1,0,1,0,0
2022-04-01,11:47,11:48,666,0,0.00,00:00,18,20,11:00,12:00,8,7,6,0,1,0,1,0,0
2022-04-01,11:48,11:49,666,0,0.00,00:00,18,20,11:00,12:00,8,7,6,0,1,0,1,0,0
2022-04-01,11:49,11:50,666,1,25.17,11:49,18,20,11:00,12:00,8,7,6,0,1,0,1,0,0
2022-04-01,11:58,11:59,666,0,0.00,00:00,18,20,11:00,12:00,8,7,6,0,1,0,1,0,0
2022-04-01,11:59,12:00,666,2,0.00,11:59,18,20,11:00,12:00,8,7,6,0,1,0,1,0,0
2022-04-01,12:00,12:01,666,0,0.00,00:00,16,17,12:00,13:00,8,7,6,0,1,0,1,0,0
2022-04-01,12:01,12:02,666,1,0.00,12:01,16,17,12:00,13:00,8,7,6,0,1,0,1,0,0
2022-04-01,12:02,12:03,666,1,142.82,12:02,16,17,12:00,13:00,8,7,6,0,1,0,1,0,0
2022-04-01,12:03,12:04,666,1,0.00,12:03,16,17,12:00,13:00,8,7,6,0,1,0,1,0,0
2022-04-01,12:04,12:05,666,1,12.52,12:04,16,17,12:00,13:00,8,7,6,0,1,0,1,0,0
2022-04-01,12:05,12:06,666,0,0.00,00:00,16,17,12:00,13:00,8,7,6,0,1,0,1,0,0
2022-04-01,12:06,12:07,666,0,0.00,00:00,16,17,12:00,13:00,8,7,6,0,1,0,1,0,0
2022-04-01,12:07,12:08,666,1,0.00,12:07,16,17,12:00,13:00,8,7,6,0,1,0,1,0,0
2022-04-01,12:08,12:09,666,0,0.00,00:00,16,17,12:00,13:00,8,7,6,0,1,0,1,0,0
2022-04-01,12:09,12:10,666,1,0.00,12:09,16,17,12:00,13:00,8,7,6,0,1,0,1,0,0
2022-04-01,12:10,12:11,666,0,0.00,00:00,16,17,12:00,13:00,8,7,6,0,1,0,1,0,0
2022-04-01,12:11,12:12,666,0,0.00,00:00,16,17,12:00,13:00,8,7,6,0,1,0,1,0,0
2022-04-01,12:12,12:13,666,0,0.00,00:00,16,17,12:00,13:00,8,7,6,0,1,0,1,0,0
2022-04-01,12:13,12:14,666,0,0.00,00:00,16,17,12:00,13:00,8,7,6,0,1,0,1,0,0
2022-04-01,12:14,12:15,666,2,130.09,12:14,16,17,12:00,13:00,8,7,6,0,1,0,1,0,0
2022-04-01,12:15,12:16,666,1,10.88,12:15,16,17,12:00,13:00,8,7,6,0,1,0,1,0,0
2022-04-01,12:16,12:17,666,1,31.00,12:16,16,17,12:00,13:00,8,7,6,0,1,0,1,0,0
2022-04-01,12:17,12:18,666,0,0.00,00:00,16,17,12:00,13:00,8,7,6,0,1,0,1,0,0
2022-04-01,12:18,12:19,666,0,0.00,00:00,16,17,12:00,13:00,8,7,6,0,1,0,1,0,0
2022-04-01,12:19,12:20,666,0,0.00,00:00,16,17,12:00,13:00,8,7,6,0,1,0,1,0,0
2022-04-01,12:20,12:21,666,0,0.00,00:00,16,17,12:00,13:00,8,7,6,0,1,0,1,0,0
2022-04-01,12:21,12:22,666,1,22.56,12:21,16,17,12:00,13:00,8,7,6,0,1,0,1,0,0
2022-04-01,12:22,12:23,666,0,0.00,00:00,16,17,12:00,13:00,8,7,6,0,1,0,1,0,0
2022-04-01,12:23,12:24,666,1,46.04,12:23,16,17,12:00,13:00,8,7,6,0,1,0,1,0,0
2022-04-01,12:24,12:25,666,0,0.00,00:00,16,17,12:00,13:00,8,7,6,0,1,0,1,0,0
2022-04-01,12:25,12:26,666,0,0.00,00:00,16,17,12:00,13:00,8,7,6,0,1,0,1,0,0
2022-04-01,12:26,12:27,666,0,0.00,00:00,16,17,12:00,13:00,8,7,6,0,1,0,1,0,0
2022-04-01,12:27,12:28,666,1,159.58,12:27,16,17,12:00,13:00,8,7,6,0,1,0,1,0,0
2022-04-01,12:28,12:29,666,0,0.00,00:00,16,17,12:00,13:00,8,7,6,0,1,0,1,0,0
2022-04-01,12:29,12:30,666,0,0.00,00:00,16,17,12:00,13:00,8,7,6,0,1,0,1,0,0
2022-04-01,12:30,12:31,666,0,0.00,00:00,16,17,12:00,13:00,8,7,6,0,1,0,1,0,0
2022-04-01,12:31,12:32,666,0,0.00,00:00,16,17,12:00,13:00,8,7,6,0,1,0,1,0,0
2022-04-01,12:32,12:33,666,1,239.41,12:32,16,17,12:00,13:00,8,7,6,0,1,0,1,0,0
2022-04-01,12:33,12:34,666,0,0.00,00:00,16,17,12:00,13:00,8,7,6,0,1,0,1,0,0
2022-04-01,12:34,12:35,666,0,0.00,00:00,16,17,12:00,13:00,8,7,6,0,1,0,1,0,0
2022-04-01,12:35,12:36,666,0,0.00,00:00,16,17,12:00,13:00,8,7,6,0,1,0,1,0,0
2022-04-01,12:36,12:37,666,0,0.00,00:00,16,17,12:00,13:00,8,7,6,0,1,0,1,0,0
2022-04-01,12:37,12:38,666,0,0.00,00:00,16,17,12:00,13:00,8,7,6,0,1,0,1,0,0
2022-04-01,12:38,12:39,666,0,0.00,00:00,16,17,12:00,13:00,8,7,6,0,1,0,1,0,0
2022-04-01,12:39,12:40,666,0,0.00,00:00,16,17,12:00,13:00,8,7,6,0,1,0,1,0,0
2022-04-01,12:40,12:41,666,0,0.00,00:00,16,17,12:00,13:00,8,7,6,0,1,0,1,0,0
2022-04-01,12:41,12:42,666,0,0.00,00:00,16,17,12:00,13:00,8,7,6,0,1,0,1,0,0
2022-04-01,13:16,13:17,666,0,0.00,00:00,11,11,13:00,14:00,8,7,6,0,1,0,1,0,0
2022-04-01,13:17,13:18,666,1,96.60,13:17,11,11,13:00,14:00,8,7,6,0,1,0,1,0,0
2022-04-01,13:18,13:19,666,0,0.00,00:00,11,11,13:00,14:00,8,7,6,0,1,0,1,0,0
2022-04-01,13:19,13:20,666,0,0.00,00:00,11,11,13:00,14:00,8,7,6,0,1,0,1,0,0
2022-04-01,13:20,13:21,666,0,0.00,00:00,11,11,13:00,14:00,8,7,6,0,1,0,1,0,0
2022-04-01,13:21,13:22,666,0,0.00,00:00,11,11,13:00,14:00,8,7,6,0,1,0,1,0,0
2022-04-01,13:22,13:23,666,0,0.00,00:00,11,11,13:00,14:00,8,7,6,0,1,0,1,0,0
2022-04-01,13:23,13:24,666,0,0.00,00:00,11,11,13:00,14:00,8,7,6,0,1,0,1,0,0
2022-04-01,13:24,13:25,666,0,0.00,00:00,11,11,13:00,14:00,8,7,6,0,1,0,1,0,0
2022-04-01,13:25,13:26,666,0,0.00,00:00,11,11,13:00,14:00,8,7,6,0,1,0,1,0,0
2022-04-01,13:26,13:27,666,0,0.00,00:00,11,11,13:00,14:00,8,7,6,0,1,0,1,0,0
2022-04-01,13:27,13:28,666,0,0.00,00:00,11,11,13:00,14:00,8,7,6,0,1,0,1,0,0
2022-04-01,13:28,13:29,666,1,16.76,13:28,11,11,13:00,14:00,8,7,6,0,1,0,1,0,0
2022-04-01,13:29,13:30,666,1,58.78,13:29,11,11,13:00,14:00,8,7,6,0,1,0,1,0,0
2022-04-01,13:30,13:31,666,0,0.00,00:00,11,11,13:00,14:00,8,7,6,0,1,0,1,0,0
2022-04-01,13:31,13:32,666,0,0.00,00:00,11,11,13:00,14:00,8,7,6,0,1,0,1,0,0
2022-04-01,13:32,13:33,666,0,0.00,00:00,11,11,13:00,14:00,8,7,6,0,1,0,1,0,0
2022-04-01,13:33,13:34,666,0,0.00,00:00,11,11,13:00,14:00,8,7,6,0,1,0,1,0,0
2022-04-01,13:34,13:35,666,0,0.00,00:00,11,11,13:00,14:00,8,7,6,0,1,0,1,0,0
2022-04-01,13:35,13:36,666,0,0.00,00:00,11,11,13:00,14:00,8,7,6,0,1,0,1,0,0
2022-04-01,13:36,13:37,666,0,0.00,00:00,11,11,13:00,14:00,8,7,6,0,1,0,1,0,0
2022-04-01,13:37,13:38,666,0,0.00,00:00,11,11,13:00,14:00,8,7,6,0,1,0,1,0,0
2022-04-01,13:38,13:39,666,1,27.69,13:38,11,11,13:00,14:00,8,7,6,0,1,0,1,0,0
2022-04-01,13:39,13:40,666,0,0.00,00:00,11,11,13:00,14:00,8,7,6,0,1,0,1,0,0
2022-04-01,13:40,13:41,666,0,0.00,00:00,11,11,13:00,14:00,8,7,6,0,1,0,1,0,0
2022-04-01,13:41,13:42,666,0,0.00,00:00,11,11,13:00,14:00,8,7,6,0,1,0,1,0,0
2022-04-01,13:42,13:43,666,0,0.00,00:00,11,11,13:00,14:00,8,7,6,0,1,0,1,0,0
2022-04-01,13:43,13:44,666,0,0.00,00:00,11,11,13:00,14:00,8,7,6,0,1,0,1,0,0
2022-04-01,13:44,13:45,666,0,0.00,00:00,11,11,13:00,14:00,8,7,6,0,1,0,1,0,0
2022-04-01,13:45,13:46,666,0,0.00,00:00,11,11,13:00,14:00,8,7,6,0,1,0,1,0,0
2022-04-01,13:46,13:47,666,0,0.00,00:00,11,11,13:00,14:00,8,7,6,0,1,0,1,0,0
2022-04-01,13:47,13:48,666,0,0.00,00:00,11,11,13:00,14:00,8,7,6,0,1,0,1,0,0
2022-04-01,13:48,13:49,666,0,0.00,00:00,11,11,13:00,14:00,8,7,6,0,1,0,1,0,0
2022-04-01,13:49,13:50,666,0,0.00,00:00,11,11,13:00,14:00,8,7,6,0,1,0,1,0,0
2022-04-01,13:50,13:51,666,1,75.50,13:50,11,11,13:00,14:00,8,7,6,0,1,0,1,0,0
2022-04-01,13:51,13:52,666,0,0.00,00:00,11,11,13:00,14:00,8,7,6,0,1,0,1,0,0
2022-04-01,13:52,13:53,666,0,0.00,00:00,11,11,13:00,14:00,8,7,6,0,1,0,1,0,0
2022-04-01,13:53,13:54,666,0,0.00,00:00,11,11,13:00,14:00,8,7,6,0,1,0,1,0,0
2022-04-01,13:54,13:55,666,0,0.00,00:00,11,11,13:00,14:00,8,7,6,0,1,0,1,0,0
2022-04-01,13:55,13:56,666,0,0.00,00:00,11,11,13:00,14:00,8,7,6,0,1,0,1,0,0
2022-04-01,13:56,13:57,666,0,0.00,00:00,11,11,13:00,14:00,8,7,6,0,1,0,1,0,0
2022-04-01,14:40,14:41,666,0,0.00,00:00,23,25,14:00,15:00,8,7,6,0,1,0,1,0,0
2022-04-01,14:41,14:42,666,0,0.00,00:00,23,25,14:00,15:00,8,7,6,0,1,0,1,0,0
2022-04-01,14:42,14:43,666,0,0.00,00:00,23,25,14:00,15:00,8,7,6,0,1,0,1,0,0
2022-04-01,14:43,14:44,666,0,0.00,00:00,23,25,14:00,15:00,8,7,6,0,1,0,1,0,0
2022-04-01,14:44,14:45,666,0,0.00,00:00,23,25,14:00,15:00,8,7,6,0,1,0,1,0,0
2022-04-01,14:45,14:46,666,0,0.00,00:00,23,25,14:00,15:00,8,7,6,0,1,0,1,0,0
2022-04-01,14:46,14:47,666,0,0.00,00:00,23,25,14:00,15:00,8,7,6,0,1,0,1,0,0
2022-04-01,14:47,14:48,666,0,0.00,00:00,23,25,14:00,15:00,8,7,6,0,1,0,1,0,0
